{
    "total_runtime": 692.7439198493958,
    "num_documents": 1,
    "input_load_time": 0,
    "workflows": {
        "create_base_text_units": {
            "overall": 0.4916238784790039,
            "0_orderby": 0.0029189586639404297,
            "1_zip": 0.0027303695678710938,
            "2_aggregate_override": 0.0029630661010742188,
            "3_chunk": 0.43308520317077637,
            "4_select": 0.0033750534057617188,
            "5_unroll": 0.003988981246948242,
            "6_rename": 0.0029892921447753906,
            "7_genid": 0.014948606491088867,
            "8_unzip": 0.003986358642578125,
            "9_copy": 0.0039861202239990234,
            "10_filter": 0.014948606491088867
        },
        "create_base_extracted_entities": {
            "overall": 3.198746919631958,
            "0_entity_extract": 1.579301118850708,
            "1_merge_graphs": 1.6154487133026123
        },
        "create_summarized_entities": {
            "overall": 11.224599123001099,
            "0_summarize_descriptions": 11.2201988697052
        },
        "create_base_entity_graph": {
            "overall": 2.28836989402771,
            "0_cluster_graph": 2.2784016132354736,
            "1_select": 0.0049839019775390625
        },
        "create_final_entities": {
            "overall": 2.411999225616455,
            "0_unpack_graph": 1.0786826610565186,
            "1_rename": 0.0061380863189697266,
            "2_select": 0.005983829498291016,
            "3_dedupe": 0.005972146987915039,
            "4_rename": 0.005946636199951172,
            "5_filter": 0.024898290634155273,
            "6_text_split": 0.021663665771484375,
            "7_drop": 0.005988121032714844,
            "8_merge": 0.18974089622497559,
            "9_text_embed": 1.0256454944610596,
            "10_drop": 0.0069980621337890625,
            "11_filter": 0.02834320068359375
        },
        "create_final_nodes": {
            "overall": 6.18282675743103,
            "0_layout_graph": 3.5426321029663086,
            "1_unpack_graph": 1.2261500358581543,
            "2_unpack_graph": 1.2395601272583008,
            "3_drop": 0.008958816528320312,
            "4_filter": 0.0787346363067627,
            "5_select": 0.007932662963867188,
            "6_rename": 0.008239984512329102,
            "7_join": 0.02600550651550293,
            "8_convert": 0.02689647674560547,
            "9_rename": 0.011000871658325195
        },
        "create_final_communities": {
            "overall": 4.6151123046875,
            "0_unpack_graph": 1.1105477809906006,
            "1_unpack_graph": 1.1867713928222656,
            "2_aggregate_override": 0.014005661010742188,
            "3_join": 0.12492728233337402,
            "4_join": 0.12227702140808105,
            "5_concat": 0.021350383758544922,
            "6_filter": 1.7681846618652344,
            "7_aggregate_override": 0.12956476211547852,
            "8_join": 0.02292037010192871,
            "9_filter": 0.03185439109802246,
            "10_fill": 0.01002192497253418,
            "11_merge": 0.03984522819519043,
            "12_copy": 0.010890722274780273,
            "13_select": 0.010041952133178711
        },
        "join_text_units_to_entity_ids": {
            "overall": 0.0636148452758789,
            "0_select": 0.010863542556762695,
            "1_unroll": 0.01389002799987793,
            "2_aggregate_override": 0.026984691619873047
        },
        "create_final_relationships": {
            "overall": 1.4660325050354004,
            "0_unpack_graph": 1.1411397457122803,
            "1_filter": 0.08570623397827148,
            "2_rename": 0.013950347900390625,
            "3_filter": 0.14250969886779785,
            "4_drop": 0.012887954711914062,
            "5_compute_edge_combined_degree": 0.01701068878173828,
            "6_convert": 0.026867389678955078,
            "7_convert": 0.013990163803100586
        },
        "join_text_units_to_relationship_ids": {
            "overall": 0.08348512649536133,
            "0_select": 0.012874364852905273,
            "1_unroll": 0.015984535217285156,
            "2_aggregate_override": 0.028934240341186523,
            "3_select": 0.012883186340332031
        },
        "create_final_community_reports": {
            "overall": 657.6409657001495,
            "0_prepare_community_reports_nodes": 0.07971739768981934,
            "1_prepare_community_reports_edges": 0.0408627986907959,
            "2_restore_community_hierarchy": 0.03885602951049805,
            "3_prepare_community_reports": 1.2715535163879395,
            "4_create_community_reports": 656.177551984787,
            "5_window": 0.017951011657714844
        },
        "create_final_text_units": {
            "overall": 0.11565351486206055,
            "0_select": 0.014946937561035156,
            "1_rename": 0.014957427978515625,
            "2_join": 0.018934965133666992,
            "3_join": 0.01793837547302246,
            "4_aggregate_override": 0.017930984497070312,
            "5_select": 0.01599597930908203
        },
        "create_base_documents": {
            "overall": 0.17344427108764648,
            "0_unroll": 0.017942190170288086,
            "1_select": 0.015947341918945312,
            "2_rename": 0.016981124877929688,
            "3_join": 0.019931554794311523,
            "4_aggregate_override": 0.016945838928222656,
            "5_join": 0.019934654235839844,
            "6_rename": 0.015937328338623047,
            "7_convert": 0.033883094787597656
        },
        "create_final_documents": {
            "overall": 0.03441905975341797,
            "0_rename": 0.016948938369750977
        }
    }
}